form_id,form_name,timestamp,Bill_To,Date_of_Order,Date_of_Pickup,Date_of_Service,Date_of_Surgery,Date_to_Recieve,Facility_Email,Facility_Primary_Contact_Person,Group_PTAN,Number_of_Intended,Order_Number,Order_Type,Organization,POS_11,Payment_Type_,Practice_PTAN,Primary_Contact_Person_Email,Primary_Contact_Person_Phone,Primary_Orderer,Product_,Provider_PTAN,Provider_Speciality,Provider_TIN,Sales_Rep,Ship_To,Sub_Total,Tax_ID,Time_of_Pickup,Time_to_Recieve,Total_Price,Wound_Location,Wound_Sizes,account_number,anticipated_date,application_frequency,by,contact_fax,contact_phone,cpt_codes,facility_contact,facility_name,facility_npi,fax_number,form_title,icd10_codes,new_wound,notes,patient_address,patient_city,patient_dob,patient_email,patient_gender,patient_name,patient_phone,patient_state,patient_zip,policy_number,primary_insurance,product_requested_meshed,provider_name,provider_npi,secondary_insurance,submit_orders_to,tax_id
centurion_therapeutics_ivr,CENTURION_THERAPEUTICS_IVR,2025-07-10T08:44:50.728405,,,,,,,,,,,,:unselected:,,,,,,,,,,,,,,,,,,,,,,,Number of Applications:,,,,,Phone #.,,,,,,:unselected:,,,,Sales Representative:,,:unselected:,Provider and Facility Information,,,,,:unselected:,,,,,,
extremity_care_coll-e-derm_ivr,EXTREMITY CARE Coll-e-Derm IVR,2025-07-10T08:44:50.731883,,,,,,,,,,,,,,,,,,,,,,,,,,,,,,,,,,Number of Anticipated Applications:,,,,,,,,,,,,,,,,:unselected: Male :unselected: Female,,,,,,,PROVIDER AND FACILITY INFORMATION,,unselected: 2×2cm :unselected: 4×4cm :unselected: 2×3cm :unselected: 4x6cm :unselected: 2×4cm :unselected: 4×8cm,,,,,
celularity_ivr,Celularity_IVR,2025-07-10T08:44:50.734513,,,,,,,,,Primary Contact Person:,Size of Initial Application (in sq. cm or ml/mg):,,,,,,,,,,unselected,,,,,,,,,,,Additional Patient Notes:,,,,,,,,10,,,,,,,,,,,"*The signature above certifies that the physician has the necessary patient authorization to release the medical and/or patient information to Celularity, its contractors and the patient's health insurance company as necessary to research insurance coverage and determine benefits related to Celularity products.",,,,,,,,,,,,,,
acz_and_associates_ivr,ACZ_&_ASSOCIATES_IVR,2025-07-10T08:44:50.736684,,,,,,,,,,,,,PLACE OF SERVICE WHERE PATIENT IS BEING SEEN: :unselected: PHYSICIAN OFFICE (POS 11) :unselected: HOSPITAL OUTPATIENT (POS22) :unselected: SURGERY CENTER (POS 24) :unselected: HOME (POS12) :unselected: NURSING CARE FACILITY (POS 32 ) :unselected: OTHER (PLEASE SPECIFY):,,,,,,,,,,,,,,,,,,,,,,,,,,,,,,,,TOTAL WOUND SIZE AND / OR MEDICAL HISTORY:,,,,,,,,,,,,,,,,,,,
medlife_ivr,MedLife IVR,2025-07-10T08:44:50.738149,,,,,Procedure Information,,,,,,,,,,,,,,,,,,,,,,,,,,Size of Graft Requested:,L W_Total:,,,,,,,,,,,,,,,,,,,,,,,,,COPY OF FRONT AND BACK OF INSURANCE CARD ATTACHED: YES OR NO,,,Practice NPI,,,,
advanced_solution_ivr,Advanced Solution IVR,2025-07-10T08:44:50.740497,,,,ICD-10 Diagnosis Code(s):,,,,,,,,,,,,,,,,,,,Patient Information,,,,,,,,,,,,,,,,,,Medicare Admin Contractor:,,,,,,,[City / State / Zip],,,,,Secondary Insurance Subscriber Name:,,,,,Insurance Phone Number:,,Date,,,,
q2_restorigin_ivr,Q2 Restorigin IVR,2025-07-10T08:44:50.743089,,,,,,,,,,,,,,,,,,,,unselected: 12mm Disc :unselected: 2×3cm :unselected: 5x5cm :unselected: 16mm Disc :unselected: 2×4cm :unselected: 4×8cm :unselected: 1.5x1.5cm :unselected: 4x4cm :unselected: 2×2cm :unselected: 4×6cm,,,,,,,,,,,,,,Number of Anticipated Applications:,,,,,,,,,,,,,,,,:unselected: Male :unselected: Female,,,,,,,PROVIDER AND FACILITY INFORMATION,,,,,,,
celularity_order_form,Celularity Order Form,2025-07-10T08:44:50.749598,,,,,,,,,,,,,,,,,,,,,,,,,,,,,,,,,,,,,,,,,,,,Manual Order Form,,,,,,,,,,,,,,,,,,,,
msc_crosstimber_order_form,MSC Crosstimber Order Form,2025-07-10T08:44:50.751707,,,,,,,,,,,,,,,:unselected: ACH:,,,,,,,,,Quantity,,$ 0.00,,,,$ 0.00,,,,,,,,,,,,,,,,,v01 06212025,,,,,,,,,,,,,,,,,
msc_new_client_form_template,MSC New Client Form Template,2025-07-10T08:44:50.753163,,,,,,,Billing NPI Individual NPI:,,,,,,,,,,,,,,,,,,,,,,,,,,Accounts Payable Email:,,,,,,,,,,,,,,,,,Please send completed form to ashleyo@mscwoundcare.com Questions? Please contact Ashley at 650-669-1100,:unselected: internal biller :unselected: 3rd party biller phone:,,,,,,,,,,,,,
