"File Path","Type","Severity","Message","Suggestion"
"resources\js\Layouts\MainLayout.tsx","unsafe-theme-access","critical","Component has unsafe theme access patterns","Use safe destructuring: const { theme = ""dark"" } = useTheme() ?? {};"
"resources\js\Components\SimpleAddressInput.tsx","missing-theme-import","warning","Component uses theme-related patterns but does not import useTheme","Add: import { useTheme } from ""@/contexts/ThemeContext"";"
"resources\js\Components\SimpleAddressInput.tsx","unsafe-theme-access","critical","Component has unsafe theme access patterns","Use safe destructuring: const { theme = ""dark"" } = useTheme() ?? {};"
"resources\js\Components\Select.tsx","missing-glass-theme-import","warning","Component uses glass theme utilities but does not import them","Add: import { themes, cn } from ""@/theme/glass-theme"";"
"resources\js\Components\Select.tsx","unsafe-theme-access","critical","Component has unsafe theme access patterns","Use safe destructuring: const { theme = ""dark"" } = useTheme() ?? {};"
"resources\js\Components\PayerSearchInput.tsx","missing-theme-import","warning","Component uses theme-related patterns but does not import useTheme","Add: import { useTheme } from ""@/contexts/ThemeContext"";"
"resources\js\Components\PayerSearchInput.tsx","unsafe-theme-access","critical","Component has unsafe theme access patterns","Use safe destructuring: const { theme = ""dark"" } = useTheme() ?? {};"
"resources\js\Components\PayerSearchInput.tsx","responsive-theme-without-context","warning","Component uses dark:/light: classes but may not have proper theme context","Ensure component is wrapped in ThemeProvider or import useTheme"
"resources\js\Components\PageHeader.tsx","missing-glass-theme-import","warning","Component uses glass theme utilities but does not import them","Add: import { themes, cn } from ""@/theme/glass-theme"";"
"resources\js\Components\PageHeader.tsx","unsafe-theme-access","critical","Component has unsafe theme access patterns","Use safe destructuring: const { theme = ""dark"" } = useTheme() ?? {};"
"resources\js\Components\Modal.tsx","missing-theme-import","warning","Component uses theme-related patterns but does not import useTheme","Add: import { useTheme } from ""@/contexts/ThemeContext"";"
"resources\js\Components\Modal.tsx","unsafe-theme-access","critical","Component has unsafe theme access patterns","Use safe destructuring: const { theme = ""dark"" } = useTheme() ?? {};"
"resources\js\Components\Input.tsx","missing-glass-theme-import","warning","Component uses glass theme utilities but does not import them","Add: import { themes, cn } from ""@/theme/glass-theme"";"
"resources\js\Components\Input.tsx","unsafe-theme-access","critical","Component has unsafe theme access patterns","Use safe destructuring: const { theme = ""dark"" } = useTheme() ?? {};"
"resources\js\Components\GoogleAddressAutocompleteWithFallback.tsx","missing-theme-import","warning","Component uses theme-related patterns but does not import useTheme","Add: import { useTheme } from ""@/contexts/ThemeContext"";"
"resources\js\Components\GoogleAddressAutocompleteWithFallback.tsx","unsafe-theme-access","critical","Component has unsafe theme access patterns","Use safe destructuring: const { theme = ""dark"" } = useTheme() ?? {};"
"resources\js\Components\GoogleAddressAutocompleteSimple.tsx","missing-glass-theme-import","warning","Component uses glass theme utilities but does not import them","Add: import { themes, cn } from ""@/theme/glass-theme"";"
"resources\js\Components\GoogleAddressAutocompleteSimple.tsx","unsafe-theme-access","critical","Component has unsafe theme access patterns","Use safe destructuring: const { theme = ""dark"" } = useTheme() ?? {};"
"resources\js\Components\GoogleAddressAutocomplete.tsx","missing-theme-import","warning","Component uses theme-related patterns but does not import useTheme","Add: import { useTheme } from ""@/contexts/ThemeContext"";"
"resources\js\Components\GoogleAddressAutocomplete.tsx","unsafe-theme-access","critical","Component has unsafe theme access patterns","Use safe destructuring: const { theme = ""dark"" } = useTheme() ?? {};"
"resources\js\Components\GoogleAddressAutocomplete.tsx","responsive-theme-without-context","warning","Component uses dark:/light: classes but may not have proper theme context","Ensure component is wrapped in ThemeProvider or import useTheme"
"resources\js\Components\ConfirmationModal.tsx","missing-glass-theme-import","warning","Component uses glass theme utilities but does not import them","Add: import { themes, cn } from ""@/theme/glass-theme"";"
"resources\js\Components\Card.tsx","missing-theme-import","warning","Component uses theme-related patterns but does not import useTheme","Add: import { useTheme } from ""@/contexts/ThemeContext"";"
"resources\js\Components\Card.tsx","unsafe-theme-access","critical","Component has unsafe theme access patterns","Use safe destructuring: const { theme = ""dark"" } = useTheme() ?? {};"
"resources\js\Components\Button.tsx","missing-glass-theme-import","warning","Component uses glass theme utilities but does not import them","Add: import { themes, cn } from ""@/theme/glass-theme"";"
"resources\js\Components\Button.tsx","unsafe-theme-access","critical","Component has unsafe theme access patterns","Use safe destructuring: const { theme = ""dark"" } = useTheme() ?? {};"
"resources\js\Components\AddressAutocomplete.tsx","unsafe-theme-access","critical","Component has unsafe theme access patterns","Use safe destructuring: const { theme = ""dark"" } = useTheme() ?? {};"
"resources\js\Pages\SalesRep\SubRepDashboard.tsx","unsafe-theme-access","critical","Component has unsafe theme access patterns","Use safe destructuring: const { theme = ""dark"" } = useTheme() ?? {};"
"resources\js\Pages\SalesRep\Dashboard.tsx","missing-theme-import","warning","Component uses theme-related patterns but does not import useTheme","Add: import { useTheme } from ""@/contexts/ThemeContext"";"
"resources\js\Pages\SalesRep\Dashboard.tsx","missing-glass-theme-import","warning","Component uses glass theme utilities but does not import them","Add: import { themes, cn } from ""@/theme/glass-theme"";"
"resources\js\Pages\SalesRep\Dashboard.tsx","unsafe-theme-access","critical","Component has unsafe theme access patterns","Use safe destructuring: const { theme = ""dark"" } = useTheme() ?? {};"
"resources\js\Pages\SalesRep\Dashboard.tsx","responsive-theme-without-context","warning","Component uses dark:/light: classes but may not have proper theme context","Ensure component is wrapped in ThemeProvider or import useTheme"
"resources\js\Pages\QuickRequest\CreateNew.tsx","unsafe-theme-access","critical","Component has unsafe theme access patterns","Use safe destructuring: const { theme = ""dark"" } = useTheme() ?? {};"
"resources\js\Pages\QuickRequest\Create.tsx","missing-theme-import","warning","Component uses theme-related patterns but does not import useTheme","Add: import { useTheme } from ""@/contexts/ThemeContext"";"
"resources\js\Pages\QuickRequest\Create.tsx","missing-glass-theme-import","warning","Component uses glass theme utilities but does not import them","Add: import { themes, cn } from ""@/theme/glass-theme"";"
"resources\js\Pages\QuickRequest\Create.tsx","unsafe-theme-access","critical","Component has unsafe theme access patterns","Use safe destructuring: const { theme = ""dark"" } = useTheme() ?? {};"
"resources\js\Pages\Products\Show.tsx","unsafe-theme-access","critical","Component has unsafe theme access patterns","Use safe destructuring: const { theme = ""dark"" } = useTheme() ?? {};"
"resources\js\Pages\Products\Manage.tsx","missing-theme-import","warning","Component uses theme-related patterns but does not import useTheme","Add: import { useTheme } from ""@/contexts/ThemeContext"";"
"resources\js\Pages\Products\Manage.tsx","missing-glass-theme-import","warning","Component uses glass theme utilities but does not import them","Add: import { themes, cn } from ""@/theme/glass-theme"";"
"resources\js\Pages\Products\Manage.tsx","unsafe-theme-access","critical","Component has unsafe theme access patterns","Use safe destructuring: const { theme = ""dark"" } = useTheme() ?? {};"
"resources\js\Pages\Products\Index.tsx","unsafe-theme-access","critical","Component has unsafe theme access patterns","Use safe destructuring: const { theme = ""dark"" } = useTheme() ?? {};"
"resources\js\Pages\Products\Edit.tsx","missing-theme-import","warning","Component uses theme-related patterns but does not import useTheme","Add: import { useTheme } from ""@/contexts/ThemeContext"";"
"resources\js\Pages\Products\Edit.tsx","missing-glass-theme-import","warning","Component uses glass theme utilities but does not import them","Add: import { themes, cn } from ""@/theme/glass-theme"";"
"resources\js\Pages\Products\Edit.tsx","unsafe-theme-access","critical","Component has unsafe theme access patterns","Use safe destructuring: const { theme = ""dark"" } = useTheme() ?? {};"
"resources\js\Pages\Products\Create.tsx","unsafe-theme-access","critical","Component has unsafe theme access patterns","Use safe destructuring: const { theme = ""dark"" } = useTheme() ?? {};"
"resources\js\Pages\ProductRequest\Index.tsx","unsafe-theme-access","critical","Component has unsafe theme access patterns","Use safe destructuring: const { theme = ""dark"" } = useTheme() ?? {};"
"resources\js\Pages\ProductRequest\Create.tsx","unsafe-theme-access","critical","Component has unsafe theme access patterns","Use safe destructuring: const { theme = ""dark"" } = useTheme() ?? {};"
"resources\js\Pages\Order\Tracking.tsx","missing-theme-import","warning","Component uses theme-related patterns but does not import useTheme","Add: import { useTheme } from ""@/contexts/ThemeContext"";"
"resources\js\Pages\Order\Tracking.tsx","responsive-theme-without-context","warning","Component uses dark:/light: classes but may not have proper theme context","Ensure component is wrapped in ThemeProvider or import useTheme"
"resources\js\Pages\Order\CreateOrder.tsx","missing-theme-import","warning","Component uses theme-related patterns but does not import useTheme","Add: import { useTheme } from ""@/contexts/ThemeContext"";"
"resources\js\Pages\Order\CreateOrder.tsx","missing-glass-theme-import","warning","Component uses glass theme utilities but does not import them","Add: import { themes, cn } from ""@/theme/glass-theme"";"
"resources\js\Pages\Notifications\Index.tsx","unsafe-theme-access","critical","Component has unsafe theme access patterns","Use safe destructuring: const { theme = ""dark"" } = useTheme() ?? {};"
"resources\js\Pages\Errors\NoAccess.tsx","unsafe-theme-access","critical","Component has unsafe theme access patterns","Use safe destructuring: const { theme = ""dark"" } = useTheme() ?? {};"
"resources\js\Pages\Dashboard\Index.tsx","unsafe-theme-access","critical","Component has unsafe theme access patterns","Use safe destructuring: const { theme = ""dark"" } = useTheme() ?? {};"
"resources\js\Components\Table\Table.tsx","unsafe-theme-access","critical","Component has unsafe theme access patterns","Use safe destructuring: const { theme = ""dark"" } = useTheme() ?? {};"
"resources\js\Components\ui\VoiceInterface.tsx","missing-theme-import","warning","Component uses theme-related patterns but does not import useTheme","Add: import { useTheme } from ""@/contexts/ThemeContext"";"
"resources\js\Components\ui\StatCard.tsx","unsafe-theme-access","critical","Component has unsafe theme access patterns","Use safe destructuring: const { theme = ""dark"" } = useTheme() ?? {};"
"resources\js\Components\ui\Select.tsx","missing-theme-import","warning","Component uses theme-related patterns but does not import useTheme","Add: import { useTheme } from ""@/contexts/ThemeContext"";"
"resources\js\Components\ui\Select.tsx","missing-glass-theme-import","warning","Component uses glass theme utilities but does not import them","Add: import { themes, cn } from ""@/theme/glass-theme"";"
"resources\js\Components\ui\Select.tsx","unsafe-theme-access","critical","Component has unsafe theme access patterns","Use safe destructuring: const { theme = ""dark"" } = useTheme() ?? {};"
"resources\js\Components\ui\Select.tsx","responsive-theme-without-context","warning","Component uses dark:/light: classes but may not have proper theme context","Ensure component is wrapped in ThemeProvider or import useTheme"
"resources\js\Components\ui\ResponsiveGrid.tsx","missing-theme-import","warning","Component uses theme-related patterns but does not import useTheme","Add: import { useTheme } from ""@/contexts/ThemeContext"";"
"resources\js\Components\ui\progress.tsx","unsafe-theme-access","critical","Component has unsafe theme access patterns","Use safe destructuring: const { theme = ""dark"" } = useTheme() ?? {};"
"resources\js\Components\ui\Panel.tsx","missing-theme-import","warning","Component uses theme-related patterns but does not import useTheme","Add: import { useTheme } from ""@/contexts/ThemeContext"";"
"resources\js\Components\ui\OrganizationModal.tsx","unsafe-theme-access","critical","Component has unsafe theme access patterns","Use safe destructuring: const { theme = ""dark"" } = useTheme() ?? {};"
"resources\js\Components\ui\MetricCard.tsx","missing-theme-import","warning","Component uses theme-related patterns but does not import useTheme","Add: import { useTheme } from ""@/contexts/ThemeContext"";"
"resources\js\Components\ui\MetricCard.tsx","unsafe-theme-access","critical","Component has unsafe theme access patterns","Use safe destructuring: const { theme = ""dark"" } = useTheme() ?? {};"
"resources\js\Components\ui\Heading.tsx","unsafe-theme-access","critical","Component has unsafe theme access patterns","Use safe destructuring: const { theme = ""dark"" } = useTheme() ?? {};"
"resources\js\Components\ui\GlassTable.tsx","missing-glass-theme-import","warning","Component uses glass theme utilities but does not import them","Add: import { themes, cn } from ""@/theme/glass-theme"";"
"resources\js\Components\ui\GlassTable.tsx","unsafe-theme-access","critical","Component has unsafe theme access patterns","Use safe destructuring: const { theme = ""dark"" } = useTheme() ?? {};"
"resources\js\Components\ui\GlassCard.tsx","missing-theme-import","warning","Component uses theme-related patterns but does not import useTheme","Add: import { useTheme } from ""@/contexts/ThemeContext"";"
"resources\js\Components\ui\GlassCard.tsx","unsafe-theme-access","critical","Component has unsafe theme access patterns","Use safe destructuring: const { theme = ""dark"" } = useTheme() ?? {};"
"resources\js\Components\ui\FormInputWithIndicator.tsx","missing-glass-theme-import","warning","Component uses glass theme utilities but does not import them","Add: import { themes, cn } from ""@/theme/glass-theme"";"
"resources\js\Components\ui\FormInputWithIndicator.tsx","unsafe-theme-access","critical","Component has unsafe theme access patterns","Use safe destructuring: const { theme = ""dark"" } = useTheme() ?? {};"
"resources\js\Components\ui\ExtractedFieldIndicator.tsx","unsafe-theme-access","critical","Component has unsafe theme access patterns","Use safe destructuring: const { theme = ""dark"" } = useTheme() ?? {};"
"resources\js\Components\ui\Button.tsx","unsafe-theme-access","critical","Component has unsafe theme access patterns","Use safe destructuring: const { theme = ""dark"" } = useTheme() ?? {};"
"resources\js\Components\ui\badge.tsx","missing-theme-import","warning","Component uses theme-related patterns but does not import useTheme","Add: import { useTheme } from ""@/contexts/ThemeContext"";"
"resources\js\Components\ui\badge.tsx","missing-glass-theme-import","warning","Component uses glass theme utilities but does not import them","Add: import { themes, cn } from ""@/theme/glass-theme"";"
"resources\js\Components\ui\badge.tsx","unsafe-theme-access","critical","Component has unsafe theme access patterns","Use safe destructuring: const { theme = ""dark"" } = useTheme() ?? {};"
"resources\js\Components\ui\AddProviderModal.tsx","unsafe-theme-access","critical","Component has unsafe theme access patterns","Use safe destructuring: const { theme = ""dark"" } = useTheme() ?? {};"
"resources\js\Components\ui\AddProviderFacilityModal.tsx","unsafe-theme-access","critical","Component has unsafe theme access patterns","Use safe destructuring: const { theme = ""dark"" } = useTheme() ?? {};"
"resources\js\Components\ui\AddProductModal.tsx","unsafe-theme-access","critical","Component has unsafe theme access patterns","Use safe destructuring: const { theme = ""dark"" } = useTheme() ?? {};"
"resources\js\Components\ui\AddFacilityModal.tsx","missing-theme-import","warning","Component uses theme-related patterns but does not import useTheme","Add: import { useTheme } from ""@/contexts/ThemeContext"";"
"resources\js\Components\ui\AddFacilityModal.tsx","missing-glass-theme-import","warning","Component uses glass theme utilities but does not import them","Add: import { themes, cn } from ""@/theme/glass-theme"";"
"resources\js\Components\ui\AddFacilityModal.tsx","unsafe-theme-access","critical","Component has unsafe theme access patterns","Use safe destructuring: const { theme = ""dark"" } = useTheme() ?? {};"
"resources\js\Components\ui\ActionButton.tsx","unsafe-theme-access","critical","Component has unsafe theme access patterns","Use safe destructuring: const { theme = ""dark"" } = useTheme() ?? {};"
"resources\js\Components\ui\AccessibilityEnhanced.tsx","missing-theme-import","warning","Component uses theme-related patterns but does not import useTheme","Add: import { useTheme } from ""@/contexts/ThemeContext"";"
"resources\js\Components\Shared\SearchableMultiSelect.tsx","unsafe-theme-access","critical","Component has unsafe theme access patterns","Use safe destructuring: const { theme = ""dark"" } = useTheme() ?? {};"
"resources\js\Components\ProductRequest\RealDataStatusDashboard.tsx","unsafe-theme-access","critical","Component has unsafe theme access patterns","Use safe destructuring: const { theme = ""dark"" } = useTheme() ?? {};"
"resources\js\Components\ProductRequest\ProductRequestStatusBadge.tsx","unsafe-theme-access","critical","Component has unsafe theme access patterns","Use safe destructuring: const { theme = ""dark"" } = useTheme() ?? {};"
"resources\js\Components\ProductRequest\CleanStatusDashboard.tsx","missing-theme-import","warning","Component uses theme-related patterns but does not import useTheme","Add: import { useTheme } from ""@/contexts/ThemeContext"";"
"resources\js\Components\ProductRequest\CleanStatusDashboard.tsx","unsafe-theme-access","critical","Component has unsafe theme access patterns","Use safe destructuring: const { theme = ""dark"" } = useTheme() ?? {};"
"resources\js\Components\ProductCatalog\ProductSelectorQuickRequest.tsx","unsafe-theme-access","critical","Component has unsafe theme access patterns","Use safe destructuring: const { theme = ""dark"" } = useTheme() ?? {};"
"resources\js\Components\Pagination\Pagination.tsx","unsafe-theme-access","critical","Component has unsafe theme access patterns","Use safe destructuring: const { theme = ""dark"" } = useTheme() ?? {};"
"resources\js\Components\Order\TrackingInfo.tsx","missing-theme-import","warning","Component uses theme-related patterns but does not import useTheme","Add: import { useTheme } from ""@/contexts/ThemeContext"";"
"resources\js\Components\Order\TrackingInfo.tsx","responsive-theme-without-context","warning","Component uses dark:/light: classes but may not have proper theme context","Ensure component is wrapped in ThemeProvider or import useTheme"
"resources\js\Components\Order\OrderStatusBadge.tsx","unsafe-theme-access","critical","Component has unsafe theme access patterns","Use safe destructuring: const { theme = ""dark"" } = useTheme() ?? {};"
"resources\js\Components\Navigation\RoleBasedNavigation.tsx","missing-theme-import","warning","Component uses theme-related patterns but does not import useTheme","Add: import { useTheme } from ""@/contexts/ThemeContext"";"
"resources\js\Components\IVR\IvrFieldPreview.tsx","unsafe-theme-access","critical","Component has unsafe theme access patterns","Use safe destructuring: const { theme = ""dark"" } = useTheme() ?? {};"
"resources\js\Components\Form\TextInput.tsx","unsafe-theme-access","critical","Component has unsafe theme access patterns","Use safe destructuring: const { theme = ""dark"" } = useTheme() ?? {};"
"resources\js\Components\Form\TextAreaInput.tsx","missing-theme-import","warning","Component uses theme-related patterns but does not import useTheme","Add: import { useTheme } from ""@/contexts/ThemeContext"";"
"resources\js\Components\Form\TextAreaInput.tsx","missing-glass-theme-import","warning","Component uses glass theme utilities but does not import them","Add: import { themes, cn } from ""@/theme/glass-theme"";"
"resources\js\Components\Form\TextAreaInput.tsx","unsafe-theme-access","critical","Component has unsafe theme access patterns","Use safe destructuring: const { theme = ""dark"" } = useTheme() ?? {};"
"resources\js\Components\Form\SelectInput.tsx","unsafe-theme-access","critical","Component has unsafe theme access patterns","Use safe destructuring: const { theme = ""dark"" } = useTheme() ?? {};"
"resources\js\Components\Form\NumberInput.tsx","missing-theme-import","warning","Component uses theme-related patterns but does not import useTheme","Add: import { useTheme } from ""@/contexts/ThemeContext"";"
"resources\js\Components\Form\NumberInput.tsx","missing-glass-theme-import","warning","Component uses glass theme utilities but does not import them","Add: import { themes, cn } from ""@/theme/glass-theme"";"
"resources\js\Components\Form\NumberInput.tsx","unsafe-theme-access","critical","Component has unsafe theme access patterns","Use safe destructuring: const { theme = ""dark"" } = useTheme() ?? {};"
"resources\js\Components\Form\FileInput.tsx","unsafe-theme-access","critical","Component has unsafe theme access patterns","Use safe destructuring: const { theme = ""dark"" } = useTheme() ?? {};"
"resources\js\Components\Form\FieldGroup.tsx","missing-theme-import","warning","Component uses theme-related patterns but does not import useTheme","Add: import { useTheme } from ""@/contexts/ThemeContext"";"
"resources\js\Components\Form\FieldGroup.tsx","missing-glass-theme-import","warning","Component uses glass theme utilities but does not import them","Add: import { themes, cn } from ""@/theme/glass-theme"";"
"resources\js\Components\Form\FieldGroup.tsx","unsafe-theme-access","critical","Component has unsafe theme access patterns","Use safe destructuring: const { theme = ""dark"" } = useTheme() ?? {};"
"resources\js\Components\Form\DateInput.tsx","unsafe-theme-access","critical","Component has unsafe theme access patterns","Use safe destructuring: const { theme = ""dark"" } = useTheme() ?? {};"
"resources\js\Components\Form\CheckboxInput.tsx","missing-theme-import","warning","Component uses theme-related patterns but does not import useTheme","Add: import { useTheme } from ""@/contexts/ThemeContext"";"
"resources\js\Components\Form\CheckboxInput.tsx","missing-glass-theme-import","warning","Component uses glass theme utilities but does not import them","Add: import { themes, cn } from ""@/theme/glass-theme"";"
"resources\js\Components\Form\CheckboxInput.tsx","unsafe-theme-access","critical","Component has unsafe theme access patterns","Use safe destructuring: const { theme = ""dark"" } = useTheme() ?? {};"
"resources\js\Components\GhostAiUi\VoiceAssistant.tsx","unsafe-theme-access","critical","Component has unsafe theme access patterns","Use safe destructuring: const { theme = ""dark"" } = useTheme() ?? {};"
"resources\js\Components\FilterBar\FilterBar.tsx","unsafe-theme-access","critical","Component has unsafe theme access patterns","Use safe destructuring: const { theme = ""dark"" } = useTheme() ?? {};"
"resources\js\Components\Episodes\MacValidationPanel.tsx","missing-theme-import","warning","Component uses theme-related patterns but does not import useTheme","Add: import { useTheme } from ""@/contexts/ThemeContext"";"
"resources\js\Components\Episodes\MacValidationPanel.tsx","missing-glass-theme-import","warning","Component uses glass theme utilities but does not import them","Add: import { themes, cn } from ""@/theme/glass-theme"";"
"resources\js\Components\Episodes\MacValidationPanel.tsx","unsafe-theme-access","critical","Component has unsafe theme access patterns","Use safe destructuring: const { theme = ""dark"" } = useTheme() ?? {};"
"resources\js\Components\Episodes\IVREpisodeStatus.tsx","unsafe-theme-access","critical","Component has unsafe theme access patterns","Use safe destructuring: const { theme = ""dark"" } = useTheme() ?? {};"
"resources\js\Components\Episodes\EpisodeTimeline.tsx","missing-theme-import","warning","Component uses theme-related patterns but does not import useTheme","Add: import { useTheme } from ""@/contexts/ThemeContext"";"
"resources\js\Components\Episodes\EpisodeTimeline.tsx","missing-glass-theme-import","warning","Component uses glass theme utilities but does not import them","Add: import { themes, cn } from ""@/theme/glass-theme"";"
"resources\js\Components\Episodes\EpisodeQuickActions.tsx","unsafe-theme-access","critical","Component has unsafe theme access patterns","Use safe destructuring: const { theme = ""dark"" } = useTheme() ?? {};"
"resources\js\Components\Episodes\EpisodeCardMobile.tsx","missing-theme-import","warning","Component uses theme-related patterns but does not import useTheme","Add: import { useTheme } from ""@/contexts/ThemeContext"";"
"resources\js\Components\Episodes\EpisodeCardMobile.tsx","unsafe-theme-access","critical","Component has unsafe theme access patterns","Use safe destructuring: const { theme = ""dark"" } = useTheme() ?? {};"
"resources\js\Components\Episodes\EpisodeCardMobile.tsx","responsive-theme-without-context","warning","Component uses dark:/light: classes but may not have proper theme context","Ensure component is wrapped in ThemeProvider or import useTheme"
"resources\js\Components\Episodes\EpisodeCard.tsx","unsafe-theme-access","critical","Component has unsafe theme access patterns","Use safe destructuring: const { theme = ""dark"" } = useTheme() ?? {};"
"resources\js\Components\DiagnosisCode\DiagnosisCodeSelector.tsx","unsafe-theme-access","critical","Component has unsafe theme access patterns","Use safe destructuring: const { theme = ""dark"" } = useTheme() ?? {};"
"resources\js\Components\DiagnosisCode\DiagnosisCodeSelector.test.tsx","missing-theme-import","warning","Component uses theme-related patterns but does not import useTheme","Add: import { useTheme } from ""@/contexts/ThemeContext"";"
"resources\js\Components\Button\LoadingButton.tsx","unsafe-theme-access","critical","Component has unsafe theme access patterns","Use safe destructuring: const { theme = ""dark"" } = useTheme() ?? {};"
"resources\js\Components\Button\DeleteButton.tsx","missing-theme-import","warning","Component uses theme-related patterns but does not import useTheme","Add: import { useTheme } from ""@/contexts/ThemeContext"";"
"resources\js\Components\Button\DeleteButton.tsx","unsafe-theme-access","critical","Component has unsafe theme access patterns","Use safe destructuring: const { theme = ""dark"" } = useTheme() ?? {};"
"resources\js\Components\Button\CloseButton.tsx","unsafe-theme-access","critical","Component has unsafe theme access patterns","Use safe destructuring: const { theme = ""dark"" } = useTheme() ?? {};"
"resources\js\Components\Alert\Alert.tsx","unsafe-theme-access","critical","Component has unsafe theme access patterns","Use safe destructuring: const { theme = ""dark"" } = useTheme() ?? {};"
"resources\js\Components\Admin\TrackingManager.tsx","missing-glass-theme-import","warning","Component uses glass theme utilities but does not import them","Add: import { themes, cn } from ""@/theme/glass-theme"";"
"resources\js\Components\Admin\TrackingManager.tsx","unsafe-theme-access","critical","Component has unsafe theme access patterns","Use safe destructuring: const { theme = ""dark"" } = useTheme() ?? {};"
"resources\js\Components\Admin\SendToManufacturer.tsx","missing-theme-import","warning","Component uses theme-related patterns but does not import useTheme","Add: import { useTheme } from ""@/contexts/ThemeContext"";"
"resources\js\Components\Admin\SendToManufacturer.tsx","unsafe-theme-access","critical","Component has unsafe theme access patterns","Use safe destructuring: const { theme = ""dark"" } = useTheme() ?? {};"
"resources\js\Components\Admin\SendToManufacturer.tsx","responsive-theme-without-context","warning","Component uses dark:/light: classes but may not have proper theme context","Ensure component is wrapped in ThemeProvider or import useTheme"
"resources\js\Components\Admin\IVRExpirationWarning.tsx","missing-theme-import","warning","Component uses theme-related patterns but does not import useTheme","Add: import { useTheme } from ""@/contexts/ThemeContext"";"
"resources\js\Components\Admin\IVRExpirationWarning.tsx","responsive-theme-without-context","warning","Component uses dark:/light: classes but may not have proper theme context","Ensure component is wrapped in ThemeProvider or import useTheme"
"resources\js\Components\Admin\IVREpisodeStatus.tsx","unsafe-theme-access","critical","Component has unsafe theme access patterns","Use safe destructuring: const { theme = ""dark"" } = useTheme() ?? {};"
"resources\js\Components\Admin\ConfirmationDocuments.tsx","missing-theme-import","warning","Component uses theme-related patterns but does not import useTheme","Add: import { useTheme } from ""@/contexts/ThemeContext"";"
"resources\js\Components\Admin\ConfirmationDocuments.tsx","missing-glass-theme-import","warning","Component uses glass theme utilities but does not import them","Add: import { themes, cn } from ""@/theme/glass-theme"";"
"resources\js\Components\Admin\ConfirmationDocuments.tsx","unsafe-theme-access","critical","Component has unsafe theme access patterns","Use safe destructuring: const { theme = ""dark"" } = useTheme() ?? {};"
"resources\js\Components\Admin\ConfirmationDocuments.tsx","responsive-theme-without-context","warning","Component uses dark:/light: classes but may not have proper theme context","Ensure component is wrapped in ThemeProvider or import useTheme"
"resources\js\Components\Admin\AuditLog.tsx","unsafe-theme-access","critical","Component has unsafe theme access patterns","Use safe destructuring: const { theme = ""dark"" } = useTheme() ?? {};"
"resources\js\Pages\QuickRequest\Components\Step8OrderFormApproval.tsx","unsafe-theme-access","critical","Component has unsafe theme access patterns","Use safe destructuring: const { theme = ""dark"" } = useTheme() ?? {};"
"resources\js\Pages\QuickRequest\Components\Step7FinalSubmission.tsx","missing-theme-import","warning","Component uses theme-related patterns but does not import useTheme","Add: import { useTheme } from ""@/contexts/ThemeContext"";"
"resources\js\Pages\QuickRequest\Components\Step7FinalSubmission.tsx","missing-glass-theme-import","warning","Component uses glass theme utilities but does not import them","Add: import { themes, cn } from ""@/theme/glass-theme"";"
"resources\js\Pages\QuickRequest\Components\Step7FinalSubmission.tsx","unsafe-theme-access","critical","Component has unsafe theme access patterns","Use safe destructuring: const { theme = ""dark"" } = useTheme() ?? {};"
"resources\js\Pages\QuickRequest\Components\Step7DocusealIVR.tsx","unsafe-theme-access","critical","Component has unsafe theme access patterns","Use safe destructuring: const { theme = ""dark"" } = useTheme() ?? {};"
"resources\js\Pages\QuickRequest\Components\Step6ReviewSubmit.tsx","missing-theme-import","warning","Component uses theme-related patterns but does not import useTheme","Add: import { useTheme } from ""@/contexts/ThemeContext"";"
"resources\js\Pages\QuickRequest\Components\Step6ReviewSubmit.tsx","missing-glass-theme-import","warning","Component uses glass theme utilities but does not import them","Add: import { themes, cn } from ""@/theme/glass-theme"";"
"resources\js\Pages\QuickRequest\Components\Step6ReviewSubmit.tsx","unsafe-theme-access","critical","Component has unsafe theme access patterns","Use safe destructuring: const { theme = ""dark"" } = useTheme() ?? {};"
"resources\js\Pages\QuickRequest\Components\Step5ProductSelection.tsx","unsafe-theme-access","critical","Component has unsafe theme access patterns","Use safe destructuring: const { theme = ""dark"" } = useTheme() ?? {};"
"resources\js\Pages\QuickRequest\Components\Step4Confirmation.tsx","missing-theme-import","warning","Component uses theme-related patterns but does not import useTheme","Add: import { useTheme } from ""@/contexts/ThemeContext"";"
"resources\js\Pages\QuickRequest\Components\Step4Confirmation.tsx","unsafe-theme-access","critical","Component has unsafe theme access patterns","Use safe destructuring: const { theme = ""dark"" } = useTheme() ?? {};"
"resources\js\Pages\QuickRequest\Components\Step4Confirmation.tsx","responsive-theme-without-context","warning","Component uses dark:/light: classes but may not have proper theme context","Ensure component is wrapped in ThemeProvider or import useTheme"
"resources\js\Pages\QuickRequest\Components\Step4ClinicalBilling.tsx","missing-glass-theme-import","warning","Component uses glass theme utilities but does not import them","Add: import { themes, cn } from ""@/theme/glass-theme"";"
"resources\js\Pages\QuickRequest\Components\Step4ClinicalBilling.tsx","unsafe-theme-access","critical","Component has unsafe theme access patterns","Use safe destructuring: const { theme = ""dark"" } = useTheme() ?? {};"
"resources\js\Pages\QuickRequest\Components\Step3Documentation.tsx","missing-theme-import","warning","Component uses theme-related patterns but does not import useTheme","Add: import { useTheme } from ""@/contexts/ThemeContext"";"
"resources\js\Pages\QuickRequest\Components\Step3Documentation.tsx","unsafe-theme-access","critical","Component has unsafe theme access patterns","Use safe destructuring: const { theme = ""dark"" } = useTheme() ?? {};"
"resources\js\Pages\QuickRequest\Components\Step2ProductSelection.tsx","missing-glass-theme-import","warning","Component uses glass theme utilities but does not import them","Add: import { themes, cn } from ""@/theme/glass-theme"";"
"resources\js\Pages\QuickRequest\Components\Step2ProductSelection.tsx","unsafe-theme-access","critical","Component has unsafe theme access patterns","Use safe destructuring: const { theme = ""dark"" } = useTheme() ?? {};"
"resources\js\Pages\QuickRequest\Components\Step2PatientInsurance.tsx","missing-theme-import","warning","Component uses theme-related patterns but does not import useTheme","Add: import { useTheme } from ""@/contexts/ThemeContext"";"
"resources\js\Pages\QuickRequest\Components\Step2PatientInsurance.tsx","responsive-theme-without-context","warning","Component uses dark:/light: classes but may not have proper theme context","Ensure component is wrapped in ThemeProvider or import useTheme"
"resources\js\Pages\QuickRequest\Components\Step1PatientInfoNew.tsx","unsafe-theme-access","critical","Component has unsafe theme access patterns","Use safe destructuring: const { theme = ""dark"" } = useTheme() ?? {};"
"resources\js\Pages\Provider\Episodes\Index.tsx","unsafe-theme-access","critical","Component has unsafe theme access patterns","Use safe destructuring: const { theme = ""dark"" } = useTheme() ?? {};"
"resources\js\Pages\Provider\Orders\Dashboard.tsx","unsafe-theme-access","critical","Component has unsafe theme access patterns","Use safe destructuring: const { theme = ""dark"" } = useTheme() ?? {};"
"resources\js\Pages\ProductRequest\Components\PatientInformationStep.tsx","unsafe-theme-access","critical","Component has unsafe theme access patterns","Use safe destructuring: const { theme = ""dark"" } = useTheme() ?? {};"
"resources\js\Pages\Dashboard\Sales\MscSubrepDashboard.tsx","unsafe-theme-access","critical","Component has unsafe theme access patterns","Use safe destructuring: const { theme = ""dark"" } = useTheme() ?? {};"
"resources\js\Pages\Dashboard\Sales\MscRepDashboard.tsx","missing-theme-import","warning","Component uses theme-related patterns but does not import useTheme","Add: import { useTheme } from ""@/contexts/ThemeContext"";"
"resources\js\Pages\Dashboard\Sales\MscRepDashboard.tsx","missing-glass-theme-import","warning","Component uses glass theme utilities but does not import them","Add: import { themes, cn } from ""@/theme/glass-theme"";"
"resources\js\Pages\Dashboard\Sales\MscRepDashboard.tsx","unsafe-theme-access","critical","Component has unsafe theme access patterns","Use safe destructuring: const { theme = ""dark"" } = useTheme() ?? {};"
"resources\js\Pages\Dashboard\Provider\ProviderDashboard.tsx","unsafe-theme-access","critical","Component has unsafe theme access patterns","Use safe destructuring: const { theme = ""dark"" } = useTheme() ?? {};"
"resources\js\Pages\Dashboard\OfficeManager\OfficeManagerDashboard.tsx","missing-theme-import","warning","Component uses theme-related patterns but does not import useTheme","Add: import { useTheme } from ""@/contexts/ThemeContext"";"
"resources\js\Pages\Dashboard\OfficeManager\OfficeManagerDashboard.tsx","missing-glass-theme-import","warning","Component uses glass theme utilities but does not import them","Add: import { themes, cn } from ""@/theme/glass-theme"";"
"resources\js\Pages\Dashboard\OfficeManager\OfficeManagerDashboard.tsx","unsafe-theme-access","critical","Component has unsafe theme access patterns","Use safe destructuring: const { theme = ""dark"" } = useTheme() ?? {};"
"resources\js\Pages\Dashboard\Admin\SuperAdminDashboard.tsx","unsafe-theme-access","critical","Component has unsafe theme access patterns","Use safe destructuring: const { theme = ""dark"" } = useTheme() ?? {};"
"resources\js\Pages\Dashboard\Admin\MscAdminDashboard.tsx","missing-theme-import","warning","Component uses theme-related patterns but does not import useTheme","Add: import { useTheme } from ""@/contexts/ThemeContext"";"
"resources\js\Pages\Dashboard\Admin\MscAdminDashboard.tsx","missing-glass-theme-import","warning","Component uses glass theme utilities but does not import them","Add: import { themes, cn } from ""@/theme/glass-theme"";"
"resources\js\Pages\Dashboard\Admin\MscAdminDashboard.tsx","unsafe-theme-access","critical","Component has unsafe theme access patterns","Use safe destructuring: const { theme = ""dark"" } = useTheme() ?? {};"
"resources\js\Pages\Dashboard\Admin\MscAdminDashboard.tsx","responsive-theme-without-context","warning","Component uses dark:/light: classes but may not have proper theme context","Ensure component is wrapped in ThemeProvider or import useTheme"
"resources\js\Pages\Admin\Users\Index.tsx","unsafe-theme-access","critical","Component has unsafe theme access patterns","Use safe destructuring: const { theme = ""dark"" } = useTheme() ?? {};"
"resources\js\Pages\Admin\Providers\Show.tsx","missing-theme-import","warning","Component uses theme-related patterns but does not import useTheme","Add: import { useTheme } from ""@/contexts/ThemeContext"";"
"resources\js\Pages\Admin\Providers\Show.tsx","missing-glass-theme-import","warning","Component uses glass theme utilities but does not import them","Add: import { themes, cn } from ""@/theme/glass-theme"";"
"resources\js\Pages\Admin\Providers\Show.tsx","unsafe-theme-access","critical","Component has unsafe theme access patterns","Use safe destructuring: const { theme = ""dark"" } = useTheme() ?? {};"
"resources\js\Pages\Admin\Providers\Edit.tsx","unsafe-theme-access","critical","Component has unsafe theme access patterns","Use safe destructuring: const { theme = ""dark"" } = useTheme() ?? {};"
"resources\js\Pages\Admin\Providers\Create.tsx","missing-theme-import","warning","Component uses theme-related patterns but does not import useTheme","Add: import { useTheme } from ""@/contexts/ThemeContext"";"
"resources\js\Pages\Admin\Providers\Create.tsx","missing-glass-theme-import","warning","Component uses glass theme utilities but does not import them","Add: import { themes, cn } from ""@/theme/glass-theme"";"
"resources\js\Pages\Admin\Providers\Create.tsx","unsafe-theme-access","critical","Component has unsafe theme access patterns","Use safe destructuring: const { theme = ""dark"" } = useTheme() ?? {};"
"resources\js\Pages\Admin\Patients\IVRStatus.tsx","missing-theme-import","warning","Component uses theme-related patterns but does not import useTheme","Add: import { useTheme } from ""@/contexts/ThemeContext"";"
"resources\js\Pages\Admin\Patients\IVRStatus.tsx","responsive-theme-without-context","warning","Component uses dark:/light: classes but may not have proper theme context","Ensure component is wrapped in ThemeProvider or import useTheme"
"resources\js\Pages\Admin\Patients\IVRManagement.tsx","unsafe-theme-access","critical","Component has unsafe theme access patterns","Use safe destructuring: const { theme = ""dark"" } = useTheme() ?? {};"
"resources\js\Pages\Admin\Organizations\Edit.tsx","unsafe-theme-access","critical","Component has unsafe theme access patterns","Use safe destructuring: const { theme = ""dark"" } = useTheme() ?? {};"
"resources\js\Pages\Admin\Organizations\Create.tsx","missing-theme-import","warning","Component uses theme-related patterns but does not import useTheme","Add: import { useTheme } from ""@/contexts/ThemeContext"";"
"resources\js\Pages\Admin\Organizations\Create.tsx","missing-glass-theme-import","warning","Component uses glass theme utilities but does not import them","Add: import { themes, cn } from ""@/theme/glass-theme"";"
"resources\js\Pages\Admin\Organizations\Create.tsx","unsafe-theme-access","critical","Component has unsafe theme access patterns","Use safe destructuring: const { theme = ""dark"" } = useTheme() ?? {};"
"resources\js\Pages\Admin\OrderCenter\ShowEpisode.tsx","unsafe-theme-access","critical","Component has unsafe theme access patterns","Use safe destructuring: const { theme = ""dark"" } = useTheme() ?? {};"
"resources\js\Pages\Admin\OrderCenter\Show.tsx","missing-theme-import","warning","Component uses theme-related patterns but does not import useTheme","Add: import { useTheme } from ""@/contexts/ThemeContext"";"
"resources\js\Pages\Admin\OrderCenter\Show.tsx","missing-glass-theme-import","warning","Component uses glass theme utilities but does not import them","Add: import { themes, cn } from ""@/theme/glass-theme"";"
"resources\js\Pages\Admin\OrderCenter\Show.tsx","unsafe-theme-access","critical","Component has unsafe theme access patterns","Use safe destructuring: const { theme = ""dark"" } = useTheme() ?? {};"
"resources\js\Pages\Admin\OrderCenter\Show.tsx","responsive-theme-without-context","warning","Component uses dark:/light: classes but may not have proper theme context","Ensure component is wrapped in ThemeProvider or import useTheme"
"resources\js\Pages\Admin\OrderCenter\EnhancedDashboard.tsx","unsafe-theme-access","critical","Component has unsafe theme access patterns","Use safe destructuring: const { theme = ""dark"" } = useTheme() ?? {};"
"resources\js\Pages\Admin\Facilities\Form.tsx","unsafe-theme-access","critical","Component has unsafe theme access patterns","Use safe destructuring: const { theme = ""dark"" } = useTheme() ?? {};"
"resources\js\Pages\Admin\Docuseal\Templates.tsx","missing-theme-import","warning","Component uses theme-related patterns but does not import useTheme","Add: import { useTheme } from ""@/contexts/ThemeContext"";"
"resources\js\Pages\Admin\Docuseal\Templates.tsx","missing-glass-theme-import","warning","Component uses glass theme utilities but does not import them","Add: import { themes, cn } from ""@/theme/glass-theme"";"
"resources\js\Components\ProductRequest\Steps\ReviewAndSubmitStep.tsx","unsafe-theme-access","critical","Component has unsafe theme access patterns","Use safe destructuring: const { theme = ""dark"" } = useTheme() ?? {};"
"resources\js\Components\GhostAiUi\ui\table.tsx","missing-theme-import","warning","Component uses theme-related patterns but does not import useTheme","Add: import { useTheme } from ""@/contexts/ThemeContext"";"
"resources\js\Components\GhostAiUi\ui\sonner.tsx","missing-theme-import","warning","Component uses theme-related patterns but does not import useTheme","Add: import { useTheme } from ""@/contexts/ThemeContext"";"
"resources\js\Components\GhostAiUi\ui\chart.tsx","missing-theme-import","warning","Component uses theme-related patterns but does not import useTheme","Add: import { useTheme } from ""@/contexts/ThemeContext"";"
"resources\js\Components\GhostAiUi\ui\chart.tsx","unsafe-theme-access","critical","Component has unsafe theme access patterns","Use safe destructuring: const { theme = ""dark"" } = useTheme() ?? {};"
"resources\js\Components\GhostAiUi\ui\chart.tsx","responsive-theme-without-context","warning","Component uses dark:/light: classes but may not have proper theme context","Ensure component is wrapped in ThemeProvider or import useTheme"
"resources\js\Components\GhostAiUi\ui\alert.tsx","missing-theme-import","warning","Component uses theme-related patterns but does not import useTheme","Add: import { useTheme } from ""@/contexts/ThemeContext"";"
"resources\js\Components\GhostAiUi\ui\alert.tsx","responsive-theme-without-context","warning","Component uses dark:/light: classes but may not have proper theme context","Ensure component is wrapped in ThemeProvider or import useTheme"
"resources\js\Components\Admin\Docuseal\MappingStatsDashboard.tsx","missing-theme-import","warning","Component uses theme-related patterns but does not import useTheme","Add: import { useTheme } from ""@/contexts/ThemeContext"";"
"resources\js\Components\Admin\Docuseal\MappingStatsDashboard.tsx","missing-glass-theme-import","warning","Component uses glass theme utilities but does not import them","Add: import { themes, cn } from ""@/theme/glass-theme"";"
"resources\js\Components\Admin\Docuseal\BulkMappingModal.tsx","missing-theme-import","warning","Component uses theme-related patterns but does not import useTheme","Add: import { useTheme } from ""@/contexts/ThemeContext"";"
"resources\js\Components\Admin\Docuseal\BulkMappingModal.tsx","missing-glass-theme-import","warning","Component uses glass theme utilities but does not import them","Add: import { themes, cn } from ""@/theme/glass-theme"";"
"resources\js\Pages\QuickRequest\Orders\ui\sonner.tsx","missing-theme-import","warning","Component uses theme-related patterns but does not import useTheme","Add: import { useTheme } from ""@/contexts/ThemeContext"";"
"resources\js\Pages\QuickRequest\Orders\ui\chart.tsx","missing-theme-import","warning","Component uses theme-related patterns but does not import useTheme","Add: import { useTheme } from ""@/contexts/ThemeContext"";"
"resources\js\Pages\QuickRequest\Orders\ui\chart.tsx","unsafe-theme-access","critical","Component has unsafe theme access patterns","Use safe destructuring: const { theme = ""dark"" } = useTheme() ?? {};"
"resources\js\Pages\QuickRequest\Orders\ui\chart.tsx","responsive-theme-without-context","warning","Component uses dark:/light: classes but may not have proper theme context","Ensure component is wrapped in ThemeProvider or import useTheme"
"resources\js\Pages\QuickRequest\Orders\ui\alert.tsx","missing-theme-import","warning","Component uses theme-related patterns but does not import useTheme","Add: import { useTheme } from ""@/contexts/ThemeContext"";"
"resources\js\Pages\QuickRequest\Orders\ui\alert.tsx","responsive-theme-without-context","warning","Component uses dark:/light: classes but may not have proper theme context","Ensure component is wrapped in ThemeProvider or import useTheme"
"resources\js\Pages\Team\Index.tsx","missing-main-layout","warning","Page component does not import or use MainLayout","Wrap page content with MainLayout or import MainLayout"
"resources\js\Pages\SystemAdmin\Integrations.tsx","missing-main-layout","warning","Page component does not import or use MainLayout","Wrap page content with MainLayout or import MainLayout"
"resources\js\Pages\SystemAdmin\Audit.tsx","missing-main-layout","warning","Page component does not import or use MainLayout","Wrap page content with MainLayout or import MainLayout"
"resources\js\Pages\Roles\Index.tsx","missing-main-layout","warning","Page component does not import or use MainLayout","Wrap page content with MainLayout or import MainLayout"
"resources\js\Pages\QuickRequest\OrderSummary.tsx","missing-main-layout","warning","Page component does not import or use MainLayout","Wrap page content with MainLayout or import MainLayout"
"resources\js\Pages\Order\Analytics.tsx","missing-main-layout","warning","Page component does not import or use MainLayout","Wrap page content with MainLayout or import MainLayout"
"resources\js\Pages\Notifications\Index.tsx","missing-main-layout","warning","Page component does not import or use MainLayout","Wrap page content with MainLayout or import MainLayout"
"resources\js\Pages\Errors\NoAccess.tsx","missing-main-layout","warning","Page component does not import or use MainLayout","Wrap page content with MainLayout or import MainLayout"
"resources\js\Pages\Engines\Commission.tsx","missing-main-layout","warning","Page component does not import or use MainLayout","Wrap page content with MainLayout or import MainLayout"
"resources\js\Pages\Auth\RequestAccess.tsx","missing-main-layout","warning","Page component does not import or use MainLayout","Wrap page content with MainLayout or import MainLayout"
"resources\js\Pages\Auth\ProviderInvitationRefactored.tsx","missing-main-layout","warning","Page component does not import or use MainLayout","Wrap page content with MainLayout or import MainLayout"
"resources\js\Pages\Auth\ProviderInvitation.tsx","missing-main-layout","warning","Page component does not import or use MainLayout","Wrap page content with MainLayout or import MainLayout"
"resources\js\Pages\Auth\Login.tsx","missing-main-layout","warning","Page component does not import or use MainLayout","Wrap page content with MainLayout or import MainLayout"
"resources\js\Pages\QuickRequest\Components\Step8OrderFormApproval.tsx","missing-main-layout","warning","Page component does not import or use MainLayout","Wrap page content with MainLayout or import MainLayout"
"resources\js\Pages\QuickRequest\Components\Step7FinalSubmission.tsx","missing-main-layout","warning","Page component does not import or use MainLayout","Wrap page content with MainLayout or import MainLayout"
"resources\js\Pages\QuickRequest\Components\Step7DocusealIVR.tsx","missing-main-layout","warning","Page component does not import or use MainLayout","Wrap page content with MainLayout or import MainLayout"
"resources\js\Pages\QuickRequest\Components\Step6ReviewSubmit.tsx","missing-main-layout","warning","Page component does not import or use MainLayout","Wrap page content with MainLayout or import MainLayout"
"resources\js\Pages\QuickRequest\Components\Step5ProductSelection.tsx","missing-main-layout","warning","Page component does not import or use MainLayout","Wrap page content with MainLayout or import MainLayout"
"resources\js\Pages\QuickRequest\Components\Step4Confirmation.tsx","missing-main-layout","warning","Page component does not import or use MainLayout","Wrap page content with MainLayout or import MainLayout"
"resources\js\Pages\QuickRequest\Components\Step4ClinicalBilling.tsx","missing-main-layout","warning","Page component does not import or use MainLayout","Wrap page content with MainLayout or import MainLayout"
"resources\js\Pages\QuickRequest\Components\Step3Documentation.tsx","missing-main-layout","warning","Page component does not import or use MainLayout","Wrap page content with MainLayout or import MainLayout"
"resources\js\Pages\QuickRequest\Components\Step2ProductSelection.tsx","missing-main-layout","warning","Page component does not import or use MainLayout","Wrap page content with MainLayout or import MainLayout"
"resources\js\Pages\QuickRequest\Components\Step1PatientInfoNew.tsx","missing-main-layout","warning","Page component does not import or use MainLayout","Wrap page content with MainLayout or import MainLayout"
"resources\js\Pages\QuickRequest\Components\OrderReviewSummary.tsx","missing-main-layout","warning","Page component does not import or use MainLayout","Wrap page content with MainLayout or import MainLayout"
"resources\js\Pages\Admin\ProviderInvitations\Index.tsx","missing-main-layout","warning","Page component does not import or use MainLayout","Wrap page content with MainLayout or import MainLayout"
"resources\js\Pages\Admin\Organizations\Show.tsx","missing-main-layout","warning","Page component does not import or use MainLayout","Wrap page content with MainLayout or import MainLayout"
"resources\js\Pages\Admin\Organizations\Edit.tsx","missing-main-layout","warning","Page component does not import or use MainLayout","Wrap page content with MainLayout or import MainLayout"
"resources\js\Pages\Admin\OrderCenter\EnhancedDashboard.tsx","missing-main-layout","warning","Page component does not import or use MainLayout","Wrap page content with MainLayout or import MainLayout"
"resources\js\Pages\Admin\CustomerManagement\OrganizationEdit.tsx","missing-main-layout","warning","Page component does not import or use MainLayout","Wrap page content with MainLayout or import MainLayout"
"resources\js\Pages\Admin\CustomerManagement\OrganizationDetail.tsx","missing-main-layout","warning","Page component does not import or use MainLayout","Wrap page content with MainLayout or import MainLayout"